{"mse": 0.8724697379261855, "r2": 0.18484317378561332}