{"mse": 0.8724680998363702, "r2": 0.18484470426860533}